id	categoria	architettura	uso_e_limiti
term	emulatore	Parser e schermo in Lisp, processo PTY gestito da term.el. ansi-term è un secondo comando dello stesso motore, non un altro progetto.	M-x ansi-term, accettare la shell; C-c C-j passa alla modifica Emacs e C-c C-k ritorna al processo. C-x b sceglie un'altra sessione. I processi appartengono a Emacs.
eat	emulatore	Macchina terminale in Lisp, renderer nel buffer, modalità semi-char/char/emacs; integrazione Eshell.	M-x eat; C-u M-x eat crea un'altra istanza. Nel test due SSH e less. Per il remoto occorre installare la sua terminfo; il laboratorio lo fa esplicitamente.
eat-lucasec	fork	Snapshot di un fork di Eat, non una famiglia indipendente.	Esaminare il confronto con Eat prima di attribuire differenze; la registrazione Eat non certifica questo fork.
vterm	emulatore	Modulo C interfaccia libvterm; il filtro di processo alimenta parser e aggiornamenti del buffer.	M-x vterm e C-u M-x vterm; C-x b per tornare. La libreria nativa deve corrispondere all'ABI di Emacs. Nel test compilata localmente.
ghostel	emulatore	Modulo Zig basato su libghostty-vt, con parsing nativo e resa nel buffer Emacs; modalità di input separate.	M-x ghostel, C-u M-x ghostel; C-x b. Snapshot e modulo v0.56.0. La selezione buffer conserva SSH, non dimostra persistenza dopo kill-emacs.
libgterm	emulatore	Prototipo distinto di integrazione Ghostty via Zig e modulo dinamico; dipendenza vendor/ghostty.	Build tentata con Zig 0.15.2: download di dipendenze transitivamente richieste fallito con TemporaryNameServerFailure. Nessuna demo funzionante; log allegato.
alacritty	emulatore	ArthurHeymans/emacs-alacritty: modulo Rust che espone il motore Alacritty a un terminale nel buffer.	M-x alacritty crea terminali; ritorno con C-x b. Modulo costruito nell'acquisizione e verificato nel laboratorio; non è l'applicazione grafica Alacritty incorporata.
kuro	emulatore	Core Rust, parser VTE e trasporto binario degli aggiornamenti verso Emacs Lisp.	M-x kuro-create chiede il programma; accettare la shell. Modulo e sorgente 1.2.0 nel test.
cooked	emulatore	Core Rust con PTY e gestione dell'ownership dei tasti in base a stato del terminale e shell integration.	M-x cooked e C-u per nuova istanza. In input raw remoto M-x da solo viene inviato alla shell: usare il default C-c M-x. Il wrapper bash del laboratorio non abilita tutte le integrazioni di startup della shell.
misTTY	alias	Nome visuale di mistty.	Vedere mistty.
mistty	emulatore	Buffer di lavoro modificabile sincronizzato con un terminale sottostante; le modifiche vengono tradotte in input e riconciliate con l'output.	M-x mistty, C-u M-x mistty. Il test usa il backend predefinito dello snapshot; non certifica il backend Alacritty opzionale.
el-be-back	emulatore	Ebb: Lisp, separazione dello stato dello schermo dal rendering del buffer, discendenza architetturale da Eat.	M-x ebb e C-u M-x ebb. Due SSH e pager verificati. Nessun confronto prestazionale deducibile da questo scenario.
coterm	emulatore	Aggiunge emulazione terminale a comint, con gestione automatica dell'input per applicazioni interattive.	Abilitare coterm-mode, poi M-x shell; C-u M-x shell per un nuovo nome. Il test esercita anche less, a differenza del baseline shell.
lterm	terminale-lineare	Usa lui di Circe e xterm-color per output orientato alle righe; il codice dichiara esplicitamente i limiti rispetto a un vero emulatore completo.	M-x lterm; due SSH lineari verificati. Nessuna rivendicazione di compatibilità ncurses o schermo alternativo.
wterm	emulatore-windows	Bridge ConPTY e libvterm su Windows; componenti nativi specifici della piattaforma.	Sorgenti acquisiti e ispezionati; non eseguibile nel laboratorio Linux. Non viene attribuito un fallimento al progetto per questa differenza di piattaforma.
winterm	prototipo-windows	Snapshot molto piccolo con infrastruttura Zig/Windows; non equivalente a wterm.	Non è disponibile qui un percorso Linux completo da lanciare e registrare.
eaf-terminal	emulatore-gui	Frontend EAF/Python/Qt con xterm.js, WebSocket e backend node-pty; richiede una sessione grafica EAF.	M-x eaf-open-terminal dopo installazione dell'applicazione EAF. Non eseguito nel laboratorio Emacs -nw; il probe Lisp non è una verifica dello stack Qt/Node.
eaf-pyqterminal	emulatore-gui	Alternativa EAF con PyQt6, pyte e PTY; su Windows usa pywinpty.	Richiede EAF e dipendenze Python. Le scorciatoie EAF differiscono da quelle di term/vterm. Nessuna registrazione GUI prodotta.
eaf	framework	Infrastruttura di embedding e RPC Python/Qt usata dalle applicazioni terminali EAF.	Dipendenza architetturale, non un ulteriore emulatore autonomo.
shell	baseline	comint con processo shell, editing delle righe e riconoscimento del prompt; non un emulatore VT completo.	M-x shell; C-u M-x shell e un nuovo nome per un'altra SSH. Il test non usa less per certificare shell come terminale completo.
eshell	baseline	Shell implementata in Emacs Lisp; alcuni programmi visuali vengono delegati a terminali esterni al suo interprete.	M-x eshell e C-u M-x eshell. Due SSH verificano l'uso pratico, non trasformano il motore Eshell in un parser VT.
multi-term	gestore	Lista di buffer term, creazione e cycling, mappe per passare tasti al processo.	M-x multi-term, ripetere per nuovo terminale, M-x multi-term-prev. M-n/M-p non vanno confusi con switching: possono agire sulla cronologia shell.
multi-term-roman	fork	Fork storico del gestore multi-term.	Stessa famiglia, revisione separata; la demo dell'altro snapshot non è trasferita automaticamente.
multi-vterm	gestore	Lista di vterm, cycling, terminale dedicato e helper per progetti.	M-x multi-vterm due volte, M-x multi-vterm-prev. Non occorre inventare un binding globale per dimostrarlo.
multi-buf	gestore	Backend modulari e registro di buffer, con classi e comandi DWIM coerenti fra terminali e altri modi.	M-x multi-buf-vterm-dwim; C-u forza una nuova istanza; doppio prefisso per selezione. Il profilo carica esplicitamente vterm, come farebbero gli autoload di un'installazione normale.
multi-buffer	gestore	Piccolo progetto GitLab: minor mode che rinomina per major-mode e indice e aggiorna gli indici alla chiusura; manca un launcher/cycler proprio.	Abilitato con eat-mode-hook nel profilo; poi M-x eat. Il README propone wrapper personalizzati, che non vengono spacciati per comandi predefiniti.
ghostel-mux	gestore	Sessioni, finestre e pannelli Emacs contenenti Ghostel; gestione del layout e dell'input sincronizzato.	M-x ghostel-mux; C-b c nuova finestra e C-b p precedente. Conservazione SSH verificata. Questa gestione in Emacs da sola non è un server persistente.
term-mux	gestore	Registro di sessioni e slot di buffer con backend selezionabile fra terminali disponibili.	M-x term-mux-create, term-mux-prev. Il backend effettivo è visibile nelle snapshot del test.
vtplex	gestore	Piccolo wrapper di vterm con prefisso C-a e comandi create/next/prev.	Nel nostro snapshot vtplex-create richiama vterm senza forzare un nuovo buffer: il secondo terminale viene riutilizzato. Il test fallisce la separazione richiesta; non è stato corretto il codice upstream.
vterm-ring	gestore	Anello di buffer vterm e hook di pulizia, con creazione e navigazione.	M-x vterm-ring-new per creare; il test torna al primo con C-x b, quindi certifica il mantenimento del processo ma non tutte le scorciatoie del ring.
vterm-toggle	popup	Mostra/nasconde vterm e offre selezione per progetto e cambi directory.	M-x vterm-toggle; seconda istanza con C-u M-x vterm; vterm-toggle-backward. Il prefisso non viene applicato indiscriminatamente al toggle.
vterms	gestore	Wrapper di vterm orientato al progetto e alla creazione ripetuta.	M-x vterms-project-vterm; C-u per un altro buffer. Ritorno con C-x b nel test.
vterm-manager	gestore	Feature vtm, non vterm-manager; apre file .vtm contenenti plist con nome e sequenze di comandi da inviare a vterm.	C-x C-f (find-file) sui profili web.vtm/db.vtm forniti; la modalità apre il vterm nominato e chiude il buffer di configurazione. Scenario SSH/pager verificato.
vtermux	gestore	Macro che genera launcher per programmi e backend vterm/ghostel/term; liste di istanze, etichette e cycling.	Il profilo dichiara un'applicazione bash con vtermux-define; è configurazione necessaria, non un comando incluso nel pacchetto. Launcher generato e nomi richiesti sono registrati.
term-manager	gestore	Gestione indicizzata dei terminali con backend e frontend per directory, project.el e Projectile.	M-x term-project-default-directory-create-new e term-project-default-directory-backward. Snapshot mostra il backend effettivo.
term-control	gestore	Terminali vterm nominati, associazione allo stato delle tab e completamento dei nomi.	M-x term-control-switch-to-term e nomi web/db. Vertico e Marginalia operano sul minibuffer reale.
project-terminal	gestore	Terminali per progetto, side window e tab-line; default Eshell.	M-x project-terminal-add; non viene presentato come un nuovo motore VT. Test lineare su due SSH.
ghostel-switch	gestore	Completamento di buffer Ghostel globali/per progetto con creazione tramite input vuoto.	Snapshot incompatibile con Ghostel acquisito: ghostel--all-buffers non definita. Registrazione negativa e messaggi conservati. M-RET serve ad accettare input vuoto in Vertico, non è un binding inventato del pacchetto.
term+	estensione	Estende term con editing, logging, cronologia, trasferimento file e protocollo di escape verso Emacs.	Il suo routing dei tasti differisce da term standard; il copione generico non completa lo switching. Non equiparare questo esito a un motore terminale completamente guasto.
term-plus-xterm	duplicato	Stesso URL upstream di term+ acquisito con un altro identificatore.	Non contare come progetto distinto; confrontare gli SHA nello source-lock.
term-plus-fork	fork	Fork ZpullZ della famiglia term-plus.	Analisi dello snapshot; nessuna equivalenza automatica con la prova dell'upstream.
term-plus-mux	gestore	Sessioni e tab-group sopra term+, con helper SSH e connessioni persistenti lato SSH.	M-x term+mux-new. Il routing del prefisso dipende dalla modalità term+. Il nostro copione non completa lo scenario; registrazione negativa disponibile.
term+key-intercept	estensione	Collega term+ alla libreria key-intercept per gestire il passaggio dei tasti.	Dipendenza/estensione di input, non nuovo motore né server persistente.
emux	gestore	Progetto re5et: sessioni, screen e configurazioni di finestre sopra multi-term; moduli emux-base/emux-screen/emux-session.	Caricare emux-term e usare M-x emux-term-create. Due SSH e pager verificati. Questo testa il gestore di terminali, non tutte le gerarchie di sessioni/screen.
emux-attic	fork	Versione storica della famiglia emux conservata in emacsattic.	Separata per provenienza; non conteggiata come motore di emulazione distinto.
emux-rock	fork	Fork di emux con gestione sessioni/layout.	Richiede il proprio snapshot e le proprie dipendenze; non eredita automaticamente i risultati di altri emux.
emux-el	gestore	Implementazione luozengbin distinta: lista doppiamente collegata di terminali e interfaccia a tab, term-exec.	M-x emux:term-new due volte; C-x b per il ritorno. Scenario SSH/pager verificato.
emux-shcv	integrazione	Shim CLI che richiama Emacsclient e modella sessioni tramite layout/tab/perspective; non il progetto re5et.	Presuppone un Emacs server e l'integrazione CLI. Salvare JSON/layout non garantisce sopravvivenza del PTY.
emux-jcguu95	distribuzione	Distribuzione/configurazione Emacs orientata al terminale, con bootstrap e proprie scelte di tasti.	Esclusa dal confronto dei default Emacs: installarla come profilo completo cambierebbe la base del test.
navorski	gestore	Profili e macro per terminali locali/remoti; opzione GNU screen per sessioni persistenti.	M-x nav/term nel test locale con due SSH. La variante screen non è coperta da quella registrazione.
multi-shell	gestore	Gestisce molte shell comint e il loro passaggio.	M-x multi-shell-new; secondo buffer e ritorno con C-x b. Scenario lineare, non full-screen.
multi-eshell	gestore	Gestore storico di shell: il costruttore predefinito nello snapshot è shell, non Eshell nonostante il nome.	M-x multi-eshell; controllare major-mode nelle snapshot anziché dedurre il motore dal nome.
shell-switcher	gestore	Registro di shell e costruttori configurabili; selezione e cycling.	M-x shell-switcher-new-shell; M-x shell-switcher-switch-buffer per tornare. Default comint nel test.
better-shell	gestore	Rileva shell inattive e directory per riuso, con helper host remoti e privilegi.	M-x better-shell-shell tende a riusare la shell della stessa directory; nel test il secondo buffer è creato con C-u M-x shell. Non vengono dimostrati sudo o tutte le funzioni remote.
friendly-shell	gestore	Shell comint con nomi e ambiente coerenti, supporto a directory TRAMP.	M-x friendly-shell ripetuto; test tramite SSH esplicito. Il percorso TRAMP è analizzato, non testato qui.
shell-here	launcher-interno	Apre shell nel contesto/directory corrente, incluse integrazioni con buffer e progetti.	M-x shell-here; C-u M-x shell per un'altra istanza. Non impone un nuovo modello di multiplexer.
shell-pop	popup	Mostra/nasconde una shell e memorizza finestre/buffer; backend configurabili.	M-x shell-pop; C-u per un'altra istanza. Profilo predefinito shell verificato.
shell-toggle	popup	Toggle storico di un buffer shell con ripristino della finestra precedente.	M-x shell-toggle; singolo terminale ricordato, non gestione persistente multiserver.
shell-toggle-plus	popup	Variante di shell-toggle con opzioni aggiuntive di posizionamento e riuso.	Analisi sorgente e probe; non trasferire i risultati di shell-pop a questo progetto.
sticky-shell	estensione	Minor mode per shell persistente nell'interfaccia Emacs, sopra comint.	Hook shell-mode-hook; due shell create con M-x shell e C-u. Persistenza del buffer non significa sopravvivenza a kill-emacs.
toggle-term	popup	Terminali nominati e scelta del backend/posizione attraverso completing-read e annotazioni.	M-x toggle-term-find, nome web/db, posizione bottom, tipo shell. Nel test il completamento usa Vertico/Marginalia.
term-toggle	popup	Console a comparsa per directory/progetto con molte shell supportate e animazione opzionale.	M-x term-toggle-ansi; secondo terminale standard e C-x b. Non confonderlo con terminal-toggle o toggle-term.
terminal-toggle	popup	Piccolo progetto GitLab per mostrare/nascondere un terminale interno.	M-x terminal-toggle; seconda istanza con ansi-term. Separato da terminal-here, che apre programmi esterni.
eshell-toggle	popup	Mostra/nasconde Eshell e conserva il contesto della finestra.	M-x eshell-toggle; nuova Eshell con C-u M-x eshell. Test lineare.
popterm	popup	Terminali nominati e per contesto con vari backend e display window/posframe.	Nel TTY scelto display window (adattamento strutturale dichiarato), backend vterm caricato; M-x popterm-toggle-named, web/db. La variante posframe GUI non è verificata.
popper	gestore-finestre	Classifica e richiama buffer popup generici, shell incluse; non crea un parser terminale.	Richiede selezione dei buffer popup e binding/configurazione dell'utente. Nessuna scorciatoia d'esempio viene descritta come globale predefinita.
equake	popup-gui	Frame Emacs a comparsa con terminali e navigazione, pensato per desktop grafici.	Sorgente e caricamento ispezionati; nessuna equivalenza fra prova TTY e integrazione con window manager grafico.
aweshell	gestore	Estende Eshell con più buffer e helper di interazione.	M-x aweshell-new e aweshell-prev. Scenario lineare verificato; dipendenze caricate dal bundle.
eshell-vterm	integrazione	Delega programmi visuali di Eshell a vterm; non sostituisce l'interprete Eshell.	Attivare eshell-vterm-mode, poi Eshell. La registrazione SSH non copre ogni regola di dispatch dei visual commands.
bshell	gestore	Classi buffer-manage che creano comint shell e ne gestiscono directory e selezione.	Dipendenze choice-program/buffer-manage necessarie; probe separato dalla prova end-to-end, qui non prodotta.
project-shells	gestore	Registro di shell per progetto, con costruttori vterm/term/shell/eshell e invio comandi.	Scegliere tipo e contesto; non possiede un motore VT proprio. Non testato end-to-end.
term-run	launcher-interno	Avvia un comando arbitrario in term e ne visualizza il buffer con display-buffer.	M-x term-run-shell-command; C-x o seleziona la finestra mostrata. C-u crea un altro buffer; senza prefisso può sostituire il processo previo consenso.
termint	integrazione	Macro/helper per programmi e REPL dentro un terminale, con invio di input dal buffer sorgente.	Occorre definire un programma; non esiste un workflow sysadmin universale predefinito. Analisi e probe, senza demo dedicata.
multi-run	broadcast	Crea Eshell numerate e distribuisce comandi su un insieme di buffer, con funzioni helper.	Il codice usa eshell-send-input, non sincronizzazione di PTY arbitrari. Non eseguito end-to-end.
quick-shell-keybind	estensione	Associa dinamicamente combinazioni scelte dall'utente a buffer shell esistenti.	L'assegnazione del tasto è configurazione esplicita, non un binding predefinito comune. Non crea un motore terminale.
helm-switch-shell	selettore	Selezione delle shell mediante sorgenti Helm.	Vertico globale non converte la UI Helm in minibuffer Vertico. Non sostituire Helm per rendere la demo apparentemente omogenea.
terminology	gestore	Terminali vterm nominati con selezione Helm e integrazione Evil.	Lo snapshot richiama evil-insert-state; una configurazione senza Evil non soddisfa quel percorso. Nessuna demo positiva inventata.
tramp-term	launcher-remoto	Avvia ssh in ansi-term e inizializza directory tracking e integrazione TRAMP senza richiedere configurazione remota permanente.	M-x tramp-term richiede un host e credenziali/SSH configurati. Non confondere SSH digitato in vterm con una verifica di questo percorso.
ssh	launcher-remoto	Pacchetto storico di sessioni SSH con comint e gestione dei parametri di connessione.	Sorgente acquisito separatamente da OpenSSH; il baseline che digita ssh non certifica questo wrapper.
nssh	launcher-remoto	TRAMP e shell mode, cronologia e completamento host; modalità cluster che distribuisce input alle connessioni.	M-x nssh oppure nssh-cluster; richiede host configurati. Codice nssh-cluster-distribute esaminato; broadcast non eseguito su server reali.
term-sessions	persistenza	Frontend Emacs per sessioni zmx; adapter term/vterm/eat/ghostel/ebb/shell e integrazione Org/TRAMP.	M-x term-sessions-open con nomi web/db; backend predefinito term. Prova separata verifica la sessione dopo chiusura e riapertura di Emacs.
detached	persistenza	Gestisce lavori e riattacco tramite dtach, database e log; distingue job conclusi e processi vivi.	Workflow per comandi lunghi, non solo tab di terminali. Non certificato end-to-end nel laboratorio.
multi-term-tmux	persistenza	Wrapper che crea o attacca tmux locale/remoto tramite make-term e ssh -t.	Richiede sessione/host; parsing delle liste tmux nel codice. La prova tmux-nested è un baseline separato, non una certificazione di questo wrapper.
tmux-control	persistenza	csheaff: protocollo tmux control-mode, processo a pipe ed emulazione delle pane con Eat.	M-x tmux-control-connect, host vuoto per locale, socket dedicato e sessione ops; tmux-control-new-window e C-c C-p. Verificata riconnessione dopo kill-emacs.
tmux-control-mode	persistenza	stephenjayakar: feature tmux-cc, manager di sessioni e renderer vterm per le pane, protocollo -CC.	Avvio e due SSH riusciti; selezione della finestra tmux non ha riportato il focus Emacs alla pane attesa nel copione. Scenario completo negativo; non attribuire persistenza verificata a questo risultato.
tmux-cc	controller	wcy123: progetto omonimo ma distinto da tmux-control-mode; wrapper con shell/processi e integrazioni anche osascript.	Non usare il successo di require di un'altra libreria tmux-cc come prova di caricamento. Il probe controlla la provenienza.
emamux	controller	Invia testo/comandi a tmux con process-file, selezione pane e runner.	Nel test M-x emamux:send-command seleziona la finestra web/db di un tmux isolato e invia la richiesta di stato; vterm mostra poi l’output reale. Il controller da solo non rende lo schermo nel buffer.
tmux-el	controller	Wrapper Lisp del CLI tmux per comandi, invio testo, directory e selezione.	Feature tmux. Il renderer resta tmux/terminale esterno; non è un nuovo emulatore in-buffer.
tmux-head	controller	Interfaccia di comandi tmux con menu/prefissi e dipendenze UI.	Controlla un server tmux esistente; lettura/caricamento non provano il funzionamento del server.
tmux-view	viewer	Cattura la pane tmux e rende lo scrollback/ANSI in un buffer di visualizzazione.	M-x tmux-view sceglie pane web/db con Vertico; nel test legge output SSH predisposto nella fixture. Il video dimostra consultazione, non input interattivo o resize sincronizzato.
tmuxmacs	controller	Albero di sessioni/finestre/pane, invio comandi e cattura dell'output tramite CLI tmux.	Workflow di gestione di un multiplexer esterno; non una nuova emulazione VT in Emacs.
tmux-runner	controller	Feature emacs-tmux-runner, invio di comandi a un runner tmux.	Selezionare/configurare il target. Probe con nome corretto, nessuna demo end-to-end attribuita.
turnip	controller	Connessione a sessioni tmux, completamento opzioni e invio della regione/testo.	Serve tmux e una sessione target; output visualizzato dal multiplexer esterno.
screensend	controller	Backend per inviare testo a GNU screen, tmux e terminali di sistema.	Invio della regione per un target configurato. Non emula lo schermo dentro Emacs.
emacs-tunnel	controller	Snapshot contiene tslime e helper per sessioni GNU screen e scambio di comandi via file/processi.	Il nome del repository non corrisponde alla feature Lisp. Fonte esaminata, non demo SSH interattiva.
ob-tmux	controller	Backend Org Babel che invia blocchi a sessioni tmux e può avviare un terminale esterno.	Eseguire un blocco Org richiede configurazione/consenso Babel; non è un renderer terminale Emacs.
zellij	controller	Interfaccia al CLI Zellij per sessioni, pane e invio input.	Il processo persistente resta Zellij. Nessuna prova di rendering interno attribuita a questa libreria.
herdr	persistenza	eddof13/herdr.el: client JSON-RPC via socket Unix con eventi e stato del daemon herdr; integrazione con frontend terminali.	M-x herdr apre il controllo. Richiede versione/protocollo del daemon compatibili. Sorgente esaminato, prova multiserver non eseguita.
emacs-herdr	persistenza	baongoc124: feature herdr, CLI JSON e polling, attach tramite Ghostel e gestione workspace/agent.	Progetto diverso da herdr.el; occorre precedenza corretta nel load-path. Nessuna demo positiva dal solo caricamento della feature omonima.
ghostherd	persistenza	Client herdr con Ghostel per attach e sidebar, socket/eventi per aggiornare lo stato.	Dipende dal protocollo del daemon. Non viene equiparato a ghostel-mux: il proprietario dei processi può essere esterno.
herdr-emacs	esterno	Fork del programma herdr con configurazione di tasti in stile Emacs; non pacchetto Emacs Lisp equivalente ai client sopra.	Escluso dagli emulatori dentro Emacs. Il probe non accetta una feature herdr caricata da un altro repository.
tmux-pane	navigazione	Fa cooperare la navigazione delle finestre Emacs con le pane tmux.	Presuppone Emacs dentro tmux e relativa configurazione; non apre un terminale in-buffer.
evil-tmux-navigator	navigazione	Passaggio del focus fra finestre Evil e pane tmux adiacenti.	Richiede Evil e integrazione tmux; binding non confrontabili con Emacs vanilla senza dichiarare il profilo.
edger	navigazione	Gestione del movimento ai bordi delle finestre e integrazione con multiplexer esterni.	Ausilio di focus, non emulatore. Nessun risultato SSH inferito dal nome.
tmux-tandem	navigazione	Coordina finestre/processi Emacs con tmux attraverso callback e comandi esterni.	Scenario strutturalmente diverso da due buffer terminali; sorgente/probe separati dalle demo dei renderer.
tab-bar	workspace	Configurazioni di finestre integrate in Emacs; ogni tab può mostrare buffer terminali già vivi.	C-x t 2 crea tab, C-x t O torna alla precedente. Due ansi-term e mantenimento SSH verificati. Tab salvata non equivale a processo persistente.
elscreen	workspace	Configurazioni di finestre dette screen, con prefisso C-z e lista di schermi.	elscreen-start; C-z c crea e C-z p torna. Per term passare prima alla modalità Emacs. Scenario verificato.
elscreen-multi-term	workspace	Collega la creazione di multi-term a schermi ElScreen.	M-x emt-multi-term. Il copione generico non completa la seconda connessione; non ereditare il successo dei due componenti separati.
elscreen-buffer-group	workspace	Raggruppa buffer per ElScreen.	Estensione del layout/visibilità, non proprietario dei PTY.
eyebrowse	workspace	Slot numerati di configurazioni di finestre con ripristino dei buffer.	M-x eyebrowse-switch-to-window-config-2 e -1; due ansi-term verificati.
e2wm	workspace	Framework di prospettive e gestione finestre Emacs.	Dipendenza di e2wm-term; non terminale autonomo.
e2wm-term	workspace	Prospettiva con terminale, input, output, cronologia e aiuto sopra shell.	Dipendenze storiche e macro da compilare; probe negativo non basta a dichiararne l'impossibilità su versioni Emacs originali.
perspective	workspace	Insiemi nominati di buffer e layout con selezione della prospettiva.	Può contenere qualunque terminale; salvataggio layout non promette sopravvivenza dei processi.
persp-mode	workspace	Gestione di prospettive con serializzazione dello stato di finestre/buffer.	Non confondere riapertura dei buffer con riattacco al medesimo processo remoto.
workgroups	workspace	Gruppi di configurazioni di finestre e ripristino del contesto.	Strumento generico, applicabile a terminali ma senza parser VT né daemon PTY.
workgroups2	workspace	Evoluzione di workgroups con persistenza dei layout e restore di buffer supportati.	L'esistenza di una funzione restore non è una prova di sopravvivenza della SSH originale.
simple-screen	workspace	Vettore di configurazioni di finestre, indice corrente e aggiornamento mode-line.	Multiplexing visivo interamente dentro Emacs; sorgente/probe, senza registrazione dedicata.
deskel	workspace	Feature desk: gestione di desktop salvati e caricati, con prefisso C-t e integrazione Helm.	Il desktop riguarda lo stato Emacs. Non è dimostrata persistenza dei processi shell.
tiling	workspace	Riordina finestre Emacs in modo simile a tmux.	Solo geometria delle finestre; non gestione di sessioni PTY.
emacs-tabbar	escluso	Snapshot composto da archivi di configurazione, non una libreria terminale identificabile dal nome del repo.	Conservato come candidato negativo; non contato come emulatore.
lazy-emacs-terminal	distribuzione	Configurazione Emacs completa con submodule e bootstrap.	Non installata al posto del profilo isolato: cambierebbe keymap, dipendenze e default del confronto.
yantra	escluso	Applicazione web con autenticazione, route e ponte verso editor Emacs.	Non classificata come emulatore terminale interno senza un motore/entrypoint pertinente verificato.
terminal-here	esterno	Lancia un'applicazione terminale esterna nel contesto della directory corrente.	Non produce un terminale dentro Emacs, a differenza di shell-here. Escluso dal conteggio dei motori interni.
abysl-term	esterno	Costruisce comandi/script temporanei e avvia shell/terminali esterni per comandi e output.	Integrazione di un'applicazione esterna; non parser VT nel buffer.
dropdown-remote	esterno	Wrapper D-Bus per Yakuake/Guake: visibilità, tab e invio comandi.	Richiede desktop e terminale esterno. Non è equivalente a un terminale embedded.
eee	integrazione	Framework ampio con backend eee-eat/eee-vterm che aprono terminali/frame per comandi e callback.	Gli adapter usano motori esistenti; non contato come nuovo emulatore. Funzioni AI e applicative fuori dal test sysadmin.
term-alert	estensione	Notifiche al termine dei comandi attraverso term-cmd e shell integration.	M-x term-alert-next-command-toggle; richiede setup della shell anche sui remoti. Nessuna notifica remota certificata dal semplice test SSH.
term-cmd	estensione	Protocollo di escape estensibile per chiamare callback Emacs dal programma terminale.	Libreria senza nuova UI terminale. Attraversare tmux può richiedere allow-passthrough e setup esplicito.
term-alert	estensione	Notifica completamento attraverso term-cmd e integrazione shell.	Comandi pubblici da M-x, non crea terminali autonomi.
eterm-256color	estensione	Terminfo e hook per colori estesi in term.	Richiede compilazione/installazione della terminfo; dopo preparazione e TERMINFO_DIRS il test SSH/pager è riuscito. Il tentativo iniziale fermo alla compilazione resta archiviato. Non un altro emulatore.
eterm-fn	estensione	Terminfo per compatibilità dei tasti funzione e helper di compilazione tic.	Analizzato come supporto all'input, non motore indipendente.
xterm-256color	irrisolto	URL del repository separato non acquisito. Un file xterm-256color.el è invece incluso e leggibile nello snapshot term+.	Non contare il repository ipotizzato come progetto acquisito; il caricamento di una copia da term+ non prova la provenienza del candidato.
xterm-color	estensione	Filtro di sequenze SGR e trasformazione in proprietà di testo Emacs.	Colorare output non significa implementare cursore, alternate screen o PTY.
vterm-anti-flicker-filter	estensione	Filtro/advice sulla pipeline vterm per limitare aggiornamenti che producono sfarfallio.	Nessuna misurazione prestazionale o visiva dedicata; non motore separato.
vterm-editor	estensione	Buffer temporaneo di editing che reinvia il contenuto a vterm.	Comandi edit/commit/abort; utile per input complesso, non per creare sessioni indipendenti.
vterm-hotkey	estensione	Associa tasti scelti dall'utente a buffer vterm nominati e ne pulisce il registro alla chiusura.	La scelta della combinazione è parte del workflow; nessun binding globale fisso da attribuire a tutti.
tmuxbuf	escluso	Integrazione buffer/copia-incolla con tmux.	Non renderer terminale né gestore generale delle sessioni.
shell-command-x	estensione	Advice e hook di shell-command/async-shell-command, nomi buffer e comportamento all'uscita.	Esecuzione di comandi e consultazione output, non un terminale interattivo completo.
myterminal-controls	escluso	Menu di controlli/toggle generici, dal nome dell'autore myTerminal.	Falso positivo lessicale: non implementa un emulatore terminale o un multiplexer.
rswitcher	irrisolto	URL candidato non acquisito con successo.	Non contato come progetto verificato; nessuna conclusione sul codice non disponibile.
session	irrisolto	URL candidato di pacchetto storico non acquisito con successo.	Non confondere la parola session con prova di multiplexing terminale.
dtache	irrisolto	URL ipotizzato non acquisito; possibile confusione con detached/dtach.	Candidato irrisolto, non progetto reale aggiunto al conteggio per gonfiare il censimento.
eat-serial	integrazione	Collega il motore Eat a un processo seriale anziché a una shell PTY.	Richiede un dispositivo/porta seriale. Analisi sorgente; nessuna simulazione SSH presentata come verifica di una connessione seriale.
tab-group	workspace	Raggruppa buffer in tab e fornisce l'infrastruttura usata da term+mux.	Componente di layout, non un motore terminale o un daemon persistente.
choice-program-complete	irrisolto	Nome iniziale ipotizzato per una dipendenza, corretto successivamente nel repository choice-program.	Non è un progetto terminale verificato; errore di acquisizione conservato e non contato come successo.
terminal	emulatore-storico	terminal.el di GNU Emacs, codice storico dal 1986, marcato obsoleto da Emacs 24.4; parser, filtro di processo e schermo in Lisp, distinto dal successivo term.el.	M-x terminal-emulator; prefisso C-^ per i comandi dell'emulatore, C-^ b per cambiare buffer. Tentativo registrato, con esito nella scheda; il supporto remoto dipende anche dalle sue capability terminali generate a runtime.
ob-screen	controller	Backend Org Babel incluso in Emacs per inviare blocchi a GNU Screen e avviare un terminale esterno, predefinito xterm.	Blocchi Org :session/:cmd/:terminal; non è un renderer nel buffer. Analisi del codice GNU 30.1; nessuna demo GUI xterm attribuita.
eev	integrazione	Eepitch conserva un buffer sorgente di istruzioni e un target shell/terminale; F8 invia una riga al target o valuta una riga di controllo contrassegnata dalla stella rossa.	Il copione usa eev-mode e il suo F8 predefinito, eepitch-shell/eepitch-shell2 per scegliere target, due SSH e ritorno alla shell web. È una forma di interazione riproducibile guidata dal documento, non un nuovo parser VT.
